URL,Domain,Last Dns record type "A"  IP
http://rm-melat-4.com/AppRemote_V2/login.php,rm-melat-4.com,104.21.22.151
http://rm-melat-4.com/cgi-sys/suspendedpage.cgi,rm-melat-4.com,104.21.22.151
http://tbxczkl.com,tbxczkl.com,104.21.23.174
http://tbxczkl.com/adsgoogle1/main.php,tbxczkl.com,104.21.23.174
http://tbxczkl.com/adsgoogle1/url.txt,tbxczkl.com,104.21.23.174
https://malwqsares.click,malwqsares.click,109.106.254.177
https://mawskqlwas.fun,mawskqlwas.fun,109.106.254.177
https://app1mel.click/login,app1mel.click,109.106.254.179
https://app2mel.click/login,app2mel.click,109.106.254.179
https://app3mel.click/login,app3mel.click,109.106.254.179
https://hmrahbink.click/home,hmrahbink.click,109.106.254.179
https://hmrahbunk.click/home,hmrahbunk.click,109.106.254.179
https://hmrahsw.fun/home,hmrahsw.fun,109.106.254.179
https://mellatapp2.click/home,mellatapp2.click,109.106.254.179
https://mappnew1.shop/webview,mappnew1.shop,109.106.254.188
https://mappnew2.shop/webview,mappnew2.shop,109.106.254.188
https://mappnew3.shop/webview,mappnew3.shop,109.106.254.188
https://sbam1.site/rat/Eblagh/login.php,sbam1.site,144.76.236.47
https://sbam1.site/rat/Hessab/login.php,sbam1.site,144.76.236.47
https://voroad.org/smsFish/login.php,voroad.org,145.239.218.166
https://voroad.org/smsFish/sendData.php,voroad.org,145.239.218.166
https://voroad.org/smsFish/date.php,voroad.org,145.239.218.166
https://voroad.org/smsFish/sendLoginData.php,voroad.org,145.239.218.166
https://voroad.org/smsFish,voroad.org,145.239.218.166
http://rm-melat-4.online/cgi-sys/suspendedpage.cgi,rm-melat-4.online,148.251.20.249
http://rm-melat-4.online/AppRemote_V2/login.php,rm-melat-4.online,148.251.20.249
https://rat-saderat.click/rat/gossiper.php,rat-saderat.click,162.55.132.212
https://rat-saderat.shop,rat-saderat.shop,162.55.132.212
https://rat-saderat.shop/rat,rat-saderat.shop,162.55.132.212
https://sdrt.beauty,sdrt.beauty,162.55.132.212
https://360.bki.ir/b360/rest/v1,360.bki.ir,164.215.57.59
https://mpc.bki.ir,mpc.bki.ir,164.215.59.62
http://httpiamaloneqs.xyz,httpiamaloneqs.xyz,172.67.143.207
https://bnk-vorood-mlt.net/smsFish/sendLoginData.php,bnk-vorood-mlt.net,185.149.120.137
https://bnk-vorood-mlt.net/smsFish,bnk-vorood-mlt.net,185.149.120.137
https://bnk-vorood-mlt.net/smsFish/sendData.php,bnk-vorood-mlt.net,185.149.120.137
https://bnk-vorood-mlt.net/smsFish/date.php,bnk-vorood-mlt.net,185.149.120.137
https://bnk-vorood-mlt.net/smsFish/login.php,bnk-vorood-mlt.net,185.149.120.137
https://hamrah.buzz/smsFish,hamrah.buzz,185.149.120.137
https://hamrah.buzz/smsFish/login.php,hamrah.buzz,185.149.120.137
https://hamrah.buzz/smsFish/sendData.php,hamrah.buzz,185.149.120.137
https://hamrah.buzz/smsFish/sendLoginData.php,hamrah.buzz,185.149.120.137
https://hamrah.buzz/smsFish/date.php,hamrah.buzz,185.149.120.137
https://hamrah.club/smsFish/login.php,hamrah.club,185.149.120.137
https://hamrah.club/smsFish/sendData.php,hamrah.club,185.149.120.137
https://hamrah.club/smsFish/date.php,hamrah.club,185.149.120.137
https://hamrah.club/smsFish/sendLoginData.php,hamrah.club,185.149.120.137
https://hamrah.club/smsFish,hamrah.club,185.149.120.137
https://hamrah.today/smsFish/sendData.php,hamrah.today,185.149.120.137
https://hamrah.today/smsFish/sendLoginData.php,hamrah.today,185.149.120.137
https://hamrah.today/smsFish/login.php,hamrah.today,185.149.120.137
https://hamrah.today/smsFish/date.php,hamrah.today,185.149.120.137
https://hamrah.today/smsFish,hamrah.today,185.149.120.137
https://hamrahman.org/smsFish/sendData.php,hamrahman.org,185.149.120.137
https://hamrahman.org/smsFish/login.php,hamrahman.org,185.149.120.137
https://hamrahman.org/smsFish/date.php,hamrahman.org,185.149.120.137
https://hamrahman.org/smsFish,hamrahman.org,185.149.120.137
https://hamrahman.org/smsFish/sendLoginData.php,hamrahman.org,185.149.120.137
https://mltbnk.org/smsFish,mltbnk.org,185.149.120.137
https://mltbnk.org/smsFish/sendLoginData.php,mltbnk.org,185.149.120.137
https://mltbnk.org/smsFish/date.php,mltbnk.org,185.149.120.137
https://mltbnk.org/smsFish/sendData.php,mltbnk.org,185.149.120.137
https://mltbnk.org/smsFish/login.php,mltbnk.org,185.149.120.137
https://allgeneva.com/inkemigansaderat/smsFish/login.php,allgeneva.com,185.149.120.29
https://allgeneva.com/inkemigansaderat/smsFish/sendData.php,allgeneva.com,185.149.120.29
https://allgeneva.com/inkemigansaderat/smsFish,allgeneva.com,185.149.120.29
https://allgeneva.com/inkemigansaderat/smsFish/sendLoginData.php,allgeneva.com,185.149.120.29
https://ba-hmrh.top/pwa/smsFish/login.php,ba-hmrh.top,185.149.120.29
https://ba-hmrh.top/pwa/smsFish/sendData.php,ba-hmrh.top,185.149.120.29
https://ba-hmrh.top/pwa/smsFish,ba-hmrh.top,185.149.120.29
https://ba-hmrh.top/pwa/smsFish/sendLoginData.php,ba-hmrh.top,185.149.120.29
https://ba-hmrh.top/pwa/smsFish/date.php,ba-hmrh.top,185.149.120.29
https://barname.best/smsFish/date.php,barname.best,185.149.120.29
https://barname.best/smsFish/sendData.php,barname.best,185.149.120.29
https://barname.best/smsFish/sendLoginData.php,barname.best,185.149.120.29
https://barname.best/smsFish,barname.best,185.149.120.29
https://barname.best/smsFish/login.php,barname.best,185.149.120.29
https://hamrah-downlod.org/smsFish/sendLoginData.php,hamrah-downlod.org,185.149.120.29
https://hamrah-downlod.org/smsFish,hamrah-downlod.org,185.149.120.29
https://hamrah-downlod.org/smsFish/sendData.php,hamrah-downlod.org,185.149.120.29
https://hamrah-downlod.org/smsFish/login.php,hamrah-downlod.org,185.149.120.29
https://hamrh0donld.org/smsFish/login.php,hamrh0donld.org,185.149.120.29
https://hamrh0donld.org/smsFish/sendData.php,hamrh0donld.org,185.149.120.29
https://hamrh0donld.org/smsFish/sendLoginData.php,hamrh0donld.org,185.149.120.29
https://hamrh0donld.org/smsFish,hamrh0donld.org,185.149.120.29
https://hmrah-donwlod.org/smsFish/sendData.php,hmrah-donwlod.org,185.149.120.29
https://hmrah-donwlod.org/smsFish,hmrah-donwlod.org,185.149.120.29
https://hmrah-donwlod.org/smsFish/sendLoginData.php,hmrah-donwlod.org,185.149.120.29
https://hmrah-donwlod.org/smsFish/login.php,hmrah-donwlod.org,185.149.120.29
https://meltdl.shop/meltdown/smsFish,meltdl.shop,185.149.120.29
https://meltdl.shop/meltdown/smsFish/sendLoginData.php,meltdl.shop,185.149.120.29
https://meltdl.shop/meltdown/smsFish/date.php,meltdl.shop,185.149.120.29
https://meltdl.shop/meltdown/smsFish/sendData.php,meltdl.shop,185.149.120.29
https://meltdl.shop/meltdown/smsFish/login.php,meltdl.shop,185.149.120.29
https://vorood.top/smsFish/login.php,vorood.top,185.149.120.29
https://vorood.top/smsFish,vorood.top,185.149.120.29
https://vorood.top/smsFish/sendData.php,vorood.top,185.149.120.29
https://vorood.top/smsFish/sendLoginData.php,vorood.top,185.149.120.29
https://vorud-be-panel.top/smsFish/sendData.php,vorud-be-panel.top,185.149.120.29
https://vorud-be-panel.top/smsFish,vorud-be-panel.top,185.149.120.29
https://vorud-be-panel.top/smsFish/sendLoginData.php,vorud-be-panel.top,185.149.120.29
https://vorud-be-panel.top/smsFish/login.php,vorud-be-panel.top,185.149.120.29
https://vorud.top/smsFish/sendLoginData.php,vorud.top,185.149.120.29
https://vorud.top/smsFish,vorud.top,185.149.120.29
https://vorud.top/smsFish/login.php,vorud.top,185.149.120.29
https://vorud.top/smsFish/sendData.php,vorud.top,185.149.120.29
https://amhaaapees.click,amhaaapees.click,185.149.120.47
https://appmellat.click,appmellat.click,185.149.120.47
https://appmellat.store,appmellat.store,185.149.120.47
https://appmellat.store/signup.html,appmellat.store,185.149.120.47
https://hmehrheman.site/Mellat,hmehrheman.site,185.149.120.47
https://mellaetepapp.site,mellaetepapp.site,185.149.120.47
https://nobiapi.shop/Nobitex,nobiapi.shop,185.149.120.47
https://nobiapi.shop/Nobitex/login.php,nobiapi.shop,185.149.120.47
https://nobiweb.shop,nobiweb.shop,185.149.120.47
https://rat-kesh-01.click/Keshavarzi,rat-kesh-01.click,185.149.120.47
https://rat-mellate.shop/Saderat,rat-mellate.shop,185.149.120.47
https://rat-mellate.shop/Saderat/login.php,rat-mellate.shop,185.149.120.47
https://rat-mellate.store/Mellat,rat-mellate.store,185.149.120.47
https://rat-mellate.store/Mellat/login.php,rat-mellate.store,185.149.120.47
https://rat-sad-01.site/Saderat,rat-sad-01.site,185.149.120.47
https://rat-saderatee.click/Saderat,rat-saderatee.click,185.149.120.47
https://rat-saderatee.click/Saderat/login.php,rat-saderatee.click,185.149.120.47
https://rat-sep-01.click/Sepah,rat-sep-01.click,185.149.120.47
https://rat-sep-01.click/Sepah/login.php,rat-sep-01.click,185.149.120.47
https://rat-tej-01.click/Tejarat,rat-tej-01.click,185.149.120.47
https://sanbdox.store,sanbdox.store,185.149.120.47
https://staderlabs.life/Mellat,staderlabs.life,185.149.120.47
https://staderlabs.shop,staderlabs.shop,185.149.120.47
https://web-hmrcfaher.live,web-hmrcfaher.live,185.149.120.47
https://web-hmrcfaher.site,web-hmrcfaher.site,185.149.120.47
https://web-hmrcfaher.site/webview,web-hmrcfaher.site,185.149.120.47
https://web-hmrcfaher.site/webview,web-hmrcfaher.site,185.149.120.47
https://web-hmrdfader.click,web-hmrdfader.click,185.149.120.47
https://web-hmrdfader.click/webview/signup.html,web-hmrdfader.click,185.149.120.47
https://web-hmrdfader.click/webview,web-hmrdfader.click,185.149.120.47
https://web-hmrdfader.click/webview,web-hmrdfader.click,185.149.120.47
https://webkesh.click,webkesh.click,185.149.120.47
https://webkesh.shop,webkesh.shop,185.149.120.47
https://webkesh.site,webkesh.site,185.149.120.47
https://websep.click,websep.click,185.149.120.47
https://websep.shop,websep.shop,185.149.120.47
https://webtej.shop,webtej.shop,185.149.120.47
https://ratkesh01.click/Keshavarzi,ratkesh01.click,185.149.120.87
https://ratkesh01.click/Keshavarzi/login.php,ratkesh01.click,185.149.120.87
https://ratsad01.click/Saderat,ratsad01.click,185.149.120.87
https://ratsep01.click/Sepah,ratsep01.click,185.149.120.87
https://saderatweb.click,saderatweb.click,185.149.120.87
https://saderatweb.click/webview,saderatweb.click,185.149.120.87
https://saderatweb.click,saderatweb.click,185.149.120.87
https://webkesh1.click,webkesh1.click,185.149.120.87
https://webkesh1.click/webview,webkesh1.click,185.149.120.87
https://webkesh1.click/webview/signup.html,webkesh1.click,185.149.120.87
https://webkesh1.click/webview,webkesh1.click,185.149.120.87
https://webkesh2.click,webkesh2.click,185.149.120.87
https://websad1.click,websad1.click,185.149.120.87
https://websad2.click,websad2.click,185.149.120.87
https://websad2.click/webview/signup.html,websad2.click,185.149.120.87
https://websadpage1.click,websadpage1.click,185.149.120.87
https://websadpage1.click,websadpage1.click,185.149.120.87
https://websep1.click,websep1.click,185.149.120.87
https://apps.bsi.ir/hamrahbank.html,apps.bsi.ir,185.192.9.1
https://hmrhetyip.site/home,hmrhetyip.site,185.252.86.139
https://hmrhetyip.space/home,hmrhetyip.space,185.252.86.139
https://homanew.fun/mlt,homanew.fun,185.252.86.139
https://rate-mellat.shop/rat,rate-mellat.shop,186.2.171.36
https://rate-mellat.shop/webview/signup.html,rate-mellat.shop,186.2.171.36
https://rate-mellat.shop/webview,rate-mellat.shop,186.2.171.36
https://rate-mellat.shop,rate-mellat.shop,186.2.171.36
https://rate-mellat.shop/webview,rate-mellat.shop,186.2.171.36
https://rate-saderart.click,rate-saderart.click,186.2.171.36
https://rate-saderart.click/webview,rate-saderart.click,186.2.171.36
https://rate-saderart.click/webview,rate-saderart.click,186.2.171.36
https://rate-saderart.click/rat/gossiper.php,rate-saderart.click,186.2.171.36
https://rate-saderart.click/webview/signup.html,rate-saderart.click,186.2.171.36
https://ratomat.bio,ratomat.bio,186.2.171.60
https://bameman.click/rat/gossiper.php,bameman.click,186.2.171.8
https://bameman.click/rat/sendData.php,bameman.click,186.2.171.8
https://bameman.click,bameman.click,186.2.171.8
https://bameman.click/rat/permission.php,bameman.click,186.2.171.8
https://bameman.click/rat/sendLoginData.php,bameman.click,186.2.171.8
https://meltie-rat.live/mellat,meltie-rat.live,186.2.171.8
https://rat-mellbk-webapi.online/rat,rat-mellbk-webapi.online,186.2.171.8
https://rat-mellbk-webapi.online/rat/gossiper.php,rat-mellbk-webapi.online,186.2.171.8
https://rat-sader-webapi.online,rat-sader-webapi.online,186.2.171.8
https://rat-sader-webapi.online/rat,rat-sader-webapi.online,186.2.171.8
https://rat-sader-webapi.online/webview/signup.html,rat-sader-webapi.online,186.2.171.8
https://rat-sader-webapi.online,rat-sader-webapi.online,186.2.171.8
https://rat-sader-webapi.online/webview,rat-sader-webapi.online,186.2.171.8
https://rat-sader-webapi.online/webview,rat-sader-webapi.online,186.2.171.8
https://rat-sader-webapi.online/rat/gossiper.php,rat-sader-webapi.online,186.2.171.8
https://rat-sadereee1.info/saderat,rat-sadereee1.info,186.2.171.8
https://rat-sadereee1.live,rat-sadereee1.live,186.2.171.8
https://rat-sadereee1.shop/saderat,rat-sadereee1.shop,186.2.171.8
https://sadardst.live,sadardst.live,186.2.171.8
https://sadardst.tokyo/rat/gossiper.php,sadardst.tokyo,186.2.171.8
https://sadardst.tokyo/rat,sadardst.tokyo,186.2.171.8
https://sadardst.tokyo,sadardst.tokyo,186.2.171.8
https://sadardst.tokyo/rat/sendLoginData.php,sadardst.tokyo,186.2.171.8
https://sadardst.tokyo/rat/getProxies.php,sadardst.tokyo,186.2.171.8
https://sadardst.tokyo/rat/sendData.php,sadardst.tokyo,186.2.171.8
https://sadardst.tokyo/rat/permission.php,sadardst.tokyo,186.2.171.8
https://saderapp-shell-api.online/rat,saderapp-shell-api.online,186.2.171.8
https://saderapp-webapi-c.online/webview,saderapp-webapi-c.online,186.2.171.8
https://saderapp-webapi-c.online/rat/gossiper.php,saderapp-webapi-c.online,186.2.171.8
https://saderapp-webapi-c.online,saderapp-webapi-c.online,186.2.171.8
https://saderapp-webapi-c.online/webview/signup.html,saderapp-webapi-c.online,186.2.171.8
https://saderast.buzz,saderast.buzz,186.2.171.8
https://sadertac-web.click,sadertac-web.click,186.2.171.8
https://sadevert.top/rat,sadevert.top,186.2.171.8
https://sadevert.top/rat/sendData.php,sadevert.top,186.2.171.8
https://sadevert.top/rat/gossiper.php,sadevert.top,186.2.171.8
https://sdaert.store/rat/sendData.php,sdaert.store,186.2.171.8
https://sdaert.store/rat/gossiper.php,sdaert.store,186.2.171.8
https://sderatea.click,sderatea.click,186.2.171.8
https://web-saderat1.shop,web-saderat1.shop,186.2.171.8
https://apilink.click/rat/api.php,apilink.click,186.2.175.27
http://rm-melat-1.online/AppRemote/login.php,rm-melat-1.online,212.1.210.141
http://rm-melat-2.online/AppRemote/login.php,rm-melat-2.online,212.1.210.141
https://homanew.co/new,homanew.co,45.149.77.78
http://homanew.co/root,homanew.co,45.149.77.78
https://homanew.co/new/login.php,homanew.co,45.149.77.78
https://homanew.store/mlt,homanew.store,45.149.77.78
https://homanew.store/mapp,homanew.store,45.149.77.78
http://rate-sdrt.click/webview,rate-sdrt.click,5.45.71.100
https://saderate.top,saderate.top,52.58.33.104
https://saderate.top/privacy/disclaimerRG0usCjxWdfe.html,saderate.top,52.58.33.104
https://saderate.top/index1.php,saderate.top,52.58.33.104
https://saderate.top/privacy/termnrni9txutG.html,saderate.top,52.58.33.104
https://saderate.top,saderate.top,52.58.33.104
https://saderate.top/privacy/privacyOY2Jy3GisuTF0L.html,saderate.top,52.58.33.104
https://sadevert.today,sadevert.today,52.58.33.104
https://sadirat.pics,sadirat.pics,52.58.33.104
https://google2.ncp-insaat.online/smsFish/login.php,google2.ncp-insaat.online,92.249.45.132
https://google2.ncp-insaat.online/smsFish/sendData.php,google2.ncp-insaat.online,92.249.45.132
https://google2.ncp-insaat.online/smsFish/sendLoginData.php,google2.ncp-insaat.online,92.249.45.132
https://google2.ncp-insaat.online/smsFish,google2.ncp-insaat.online,92.249.45.132
https://ncp44-insaat.online/smsFish,ncp44-insaat.online,92.249.45.132
https://ncp44-insaat.online/smsFish/login.php,ncp44-insaat.online,92.249.45.132
https://ncp44-insaat.online/smsFish/sendLoginData.php,ncp44-insaat.online,92.249.45.132
https://ncp44-insaat.online/smsFish/sendData.php,ncp44-insaat.online,92.249.45.132
http://ncp66-insaat.online/smsFish,ncp66-insaat.online,92.249.45.132
http://ncp66-insaat.online/smsFish/login.php,ncp66-insaat.online,92.249.45.132
http://ncp66-insaat.online/smsFish/sendLoginData.php,ncp66-insaat.online,92.249.45.132
http://ncp66-insaat.online/smsFish/sendData.php,ncp66-insaat.online,92.249.45.132
https://ncp77-insaat.online/smsFish,ncp77-insaat.online,92.249.45.132
https://ncp77-insaat.online/smsFish/login.php,ncp77-insaat.online,92.249.45.132
https://ncp77-insaat.online/smsFish/sendLoginData.php,ncp77-insaat.online,92.249.45.132
https://ncp77-insaat.online/smsFish/sendData.php,ncp77-insaat.online,92.249.45.132
https://ncp77-insaat.online/smsFish/date.php,ncp77-insaat.online,92.249.45.132
https://ncp99-insaat.online/smsFish/sendLoginData.php,ncp99-insaat.online,92.249.45.132
https://ncp99-insaat.online/smsFish/login.php,ncp99-insaat.online,92.249.45.132
https://ncp99-insaat.online/smsFish/sendData.php,ncp99-insaat.online,92.249.45.132
https://ncp99-insaat.online/smsFish,ncp99-insaat.online,92.249.45.132
https://ncp99-insaat.online/smsFish/date.php,ncp99-insaat.online,92.249.45.132
http://149.100.158.5,149.100.158.5,NotFound
http://149.100.158.5/api/static/s.png,149.100.158.5,NotFound
http://149.100.158.5/h?id=c331d06536d49ac4,149.100.158.5,NotFound
http://149.100.158.5/favicon.ico,149.100.158.5,NotFound
http://149.100.158.5/api/static/Yekan.woff,149.100.158.5,NotFound
https://sadardst.tokyoX/rat/sendData.php,sadardst.tokyoX,NotFound
https://sadardst.tokyoX,sadardst.tokyoX,NotFound
https://sadardst.tokyoX/rat/permission.php,sadardst.tokyoX,NotFound
https://sadardst.tokyoX/rat/gossiper.php,sadardst.tokyoX,NotFound
https://sadardst.tokyoX/rat,sadardst.tokyoX,NotFound
https://sadardst.tokyoX/rat/getProxies.php,sadardst.tokyoX,NotFound
https://sadardst.tokyoX/rat/sendLoginData.php,sadardst.tokyoX,NotFound
https://sadeaft.site/rat,sadeaft.site,NotFound