URL,Targeted Bank
http://186-2-171-8.plesk.page/webview,Mellat Bank
http://bameman.click/webview,Mellat Bank
http://bameman.homes/webview,Mellat Bank
http://cccccgit.gitlab.gitlab.sharp-vaughan.186-2-171-8.plesk.page/webview,Mellat Bank
http://cccgit.gitlab.git.git.git.sharp-vaughan.186-2-171-8.plesk.page/webview,Mellat Bank
http://ccgit.git.gitlab.gitlab.sharp-vaughan.186-2-171-8.plesk.page/webview,Mellat Bank
http://gifcarmalil.life/webview,Mellat Bank
http://giftcardmall.beauty/webview,Mellat Bank
http://giftcardmall.today/webview,Mellat Bank
http://giftecadmall.hair/webview,Mellat Bank
http://giftemali.click/webview,Mellat Bank
http://giftmall.homes/webview,Mellat Bank
http://gitlab.git.gitlab.sharp-vaughan.186-2-171-8.plesk.page/webview,Mellat Bank
http://jokercardshop.buzz/webview,Mellat Bank
http://nba.goldysat.com/webview,Mellat Bank
http://perfecte-moyny.shop/webview,Mellat Bank
http://perfetcmonye.beauty/webview,Mellat Bank
http://perfetcmonye.homes/webview,Mellat Bank
http://rat-sadereee1.live/webview,Mellat Bank
http://rat-tejrat1.info/webview,Mellat Bank
http://sadardst.tokyo/webview,Mellat Bank
http://saderat-applic.fun/webview,Mellat Bank
http://saderat-applic.store/webview,Mellat Bank
http://saderats.shop/webview,Mellat Bank
http://sadreate.digital/webview,Mellat Bank
http://sadret.site/webview,Mellat Bank
http://sadrt.website/webview,Mellat Bank
http://sdaert.homes/webview,Mellat Bank
http://sderatea.click/webview,Mellat Bank
http://sderatea.digital/webview,Mellat Bank
http://sderatea.site/webview,Mellat Bank
http://sedhe.shop/webview,Mellat Bank
http://sedtir.makeup/webview,Mellat Bank
http://vanillacard.one/webview,Mellat Bank
http://vanillagifts.top/webview,Mellat Bank
http://vanillascard.one/webview,Mellat Bank
http://vanillasgift.pics/webview,Mellat Bank
http://vanillasgiftscard.pics/webview,Mellat Bank
http://vanillcard.top/webview,Mellat Bank
http://vanilliaa.site/webview,Mellat Bank
http://vanilliaa.store/webview,Mellat Bank
http://web-tejrat1.live/webview,Mellat Bank
http://www.giftcardmall.today/webview,Mellat Bank
http://www.jokercardshop.buzz/webview,Mellat Bank
http://www.jokergiftscards.one/webview,Mellat Bank
http://www.saderata.store/webview,Mellat Bank
http://www.saderats.shop/webview,Mellat Bank
http://www.sadtir.website/webview,Mellat Bank
http://www.vanillacard.one/webview,Mellat Bank
http://www.vanillascard.one/webview,Mellat Bank
http://www.vanillasgiftcard.buzz/webview,Mellat Bank
http://www.vanillasgiftcards.one/webview,Mellat Bank
http://www.vanillasgiftscard.one/webview,Mellat Bank
http://xn--pefectmoney-ddc.com/webview,Mellat Bank
http://xn--perfectmney-xeb.com/webview,Mellat Bank
http://xn--perfectmone-gib.info/webview,Mellat Bank
http://xn--perfectmone-gib.life/webview,Mellat Bank
http://rat-sader-webapi.online/webview,Sederat Bank
http://sadardst.live/webview,Sederat Bank
http://saderapp-webapi-c.online/webview,Sederat Bank
http://sadertac-web.click/webview,Sederat Bank
http://rat-sader-webapi.online/webview/,Sederat Bank
http://saderapp-webapi-c.online/webview/,Sederat Bank
http://saderast.buzz/,Sederat Bank
http://rat-tejrat1.shop/webview,Sederat Bank
http://websad2.click/,Sederat Bank
http://saderate-be.shop/,Sederat Bank
http://bc-games-login.shop/,Sederat Bank
http://staderlabs.shop/,Sederat Bank
http://www.pinkkaszd.ws/,Sederat Bank
http://saderatvv.shop/,Sederat Bank
http://layer3.bio/,Sederat Bank
http://web-saderat.store/,Sederat Bank
http://rat-saderat.shop/,Sederat Bank
http://sadergr.life/webview,Sederat Bank
http://rat-saderat.click/webview,Sederat Bank
http://saderatito.pics/,Sederat Bank
http://donlod-for.click/,Sederat Bank
http://saderatgb.click/webview,Sederat Bank
http://sdrt.beauty/webview,Sederat Bank
http://staderlabs.bio/,Sederat Bank
http://donlod-for.run/,Sederat Bank
http://donlod-for.fun/,Sederat Bank
http://saderab-new.info/,Sederat Bank
http://sadert-hm.org/webview,Sederat Bank
http://sadergr.info/,Sederat Bank
http://sadert-login.live/webview,Sederat Bank
http://donlod-for.one/,Sederat Bank
http://sadert-login.info/,Sederat Bank
http://web-hmrcfader.shop/,Sederat Bank
http://websad1.click/,Sederat Bank
http://staderlabs.life/,Sederat Bank
http://donlod-for.site/webview,Sederat Bank
http://saderathy.life/,Sederat Bank
http://1inch.today/,Sederat Bank
http://sadevert.today/,Sederat Bank
http://web-hmrcfader.click/,Sederat Bank
http://donloadmellt-em.shop/webview,Sederat Bank
http://bc-games-login.info/webview,Sederat Bank
http://web-hmrdfader.click/,Sederat Bank
http://syntheitx.io/,Sederat Bank
http://web-saderat1.shop/webview/,Sederat Bank